Surname,First Name,Email Address,Mark,Assignment State,Comments
Hiwarde,Kailas,hiwardekailas@gmail.com,,Not done,
Rathi,Kajal,rathikajal147@gmail.com,,Not done,
Labhshetwar,Kartik,kartik.labhshetwar@gmail.com,,Done,
navture,Kshitij,dsnavture1979@gmail.com,,Not done,
PRAKASH Lyricist,M.,lyricistermprakash@gmail.com,,Not done,
Nanoty,Mandar,mandarnanoty22@gmail.com,,Not done,
Tribhuwan,Nagsen,nagsentribhuwan9049@gmail.com,,Not done,
Patil,Om,patilom674@gmail.com,,Not done,